Entry_No,Coord_no,Ligand,Ligand_SMILES,Electrophile,Electrophile SMILES,Electrophilicity / eV,Nucleophile,Nucleophile SMILES,Bond_formed,Nucleophilicity / eV,Temperature_C,Rate_constant_inverse_seconds,L_added_eq,Source_DOI,CCDC_XRD_code,input,xtb opt,crest,gp opt,GPVIP,SPVIP,buvo / %,buvo no-H / %,E(homo) / Eh,E(el) PdII / Eh,E(el) PdIII / Eh,GP-VIP / eV,E(homo) / Eh,E(el) PdII / Eh,E(el) PdIII / Eh,SP-VIP / eV
1,4,Ad2P(2-OMe-4-CF3-C6H3),COC1=CC(C(F)(F)F)=CC=C1P(C23CC4CC(C3)CC(C4)C2)C56CC7CC(C6)CC(C7)C5,Neopentyl,CC(C)(C)C[Pd],1.23329104,NH(2-OMe-4-F-C6H3),FC1=CC=C(N[Pd])C(OC)=C1,C-N,-1.5484,60,31000,2,10.1021/acs.organomet.8b00617,NIJYEN,,,,"""-14.89cm-1""",,,40.34030585,37.8195435,-0.232018,-2631.001195,-2630.79265,5.67480371,-0.242652,-2631.042548,-2630.877733,4.484846891
2,4,Ad2P(EtOMe),COCCP(C12CC3CC(C2)CC(C3)C1)C45CC6CC(C5)CC(C6)C4,Neopentyl,CC(C)(C)C[Pd],1.23329104,NH(2-OMe-4-F-C6H3),FC1=CC=C(N[Pd])C(OC)=C1,C-N,-1.5484,60,44000,2,10.1021/acs.organomet.8b00617,NIJYIR,,,recalculate again with other conformer,,,,44.39188986,42.07071097,-0.225483,-2141.460582,-2141.25762,5.522880167,-0.236325,-2141.49865,-2141.339482,4.331184115
2b,3,Ad2P(EtOMe),COCCP(C12CC3CC(C2)CC(C3)C1)C45CC6CC(C5)CC(C6)C5,Neopentyl,CC(C)(C)C[Pd],1.23329104,NH(2-OMe-4-F-C6H3),FC1=CC=C(N[Pd])C(OC)=C2,C-N,-1.5484,60,44000,2,10.1021/acs.organomet.8b00617,NIJYIR,input structure taken from the paper,,,,,,44.39188986,42.07434475,-0.233343,-2141.449368,-2141.23923,5.718148219,-0.245447,-2141.488535,-2141.320254,4.579158392
3,4,Ad2P(EtOMe),COCCP(C12CC3CC(C2)CC(C3)C1)C45CC6CC(C5)CC(C6)C4,Neopentyl,CC(C)(C)C[Pd],1.23329104,N=CPh2,[Pd]/N=C(C1=CC=CC=C1)\C2=CC=CC=C2,C-N,-1.9036,50,53000,2,10.1021/acs.organomet.8b00617,NIJYAJ,,,,,,,43.50123755,41.18604333,-0.263028,-2196.81663,-2196.591088,6.137313579,-0.26891,-2196.86071,-2196.676825,5.003768289
4,4,Ad2P(EtOMe),COCCP(C12CC3CC(C2)CC(C3)C1)C45CC6CC(C5)CC(C6)C4,Neopentyl,CC(C)(C)C[Pd],1.23329104,N=CpTol2,CC(C=C1)=CC=C1/C(C2=CC=C(C)C=C2)=N\[Pd],C-N,-1.8657,40,25000,2,10.1021/acs.organomet.8b00617,N/A,,,,,,,42.1737291,40.09319571,-0.254272,-2274.229345,-2274.009934,5.970465057,-0.262273,-2274.274784,-2274.09408,4.917217263
5,4,Ad2P(EtOMe),COCCP(C12CC3CC(C2)CC(C3)C1)C45CC6CC(C5)CC(C6)C4,Neopentyl,CC(C)(C)C[Pd],1.23329104,N=CpAnis2,COC(C=C1)=CC=C1/C(C2=CC=C(OC)C=C2)=N\[Pd],C-N,-1.8334,40,40000,2,10.1021/acs.organomet.8b00617,N/A,,,,,,,42.08985808,40.04902592,-0.249934,-2424.665176,-2424.449287,5.874625191,-0.258505,-2424.711473,-2424.533298,4.848397198
6,3,PtBu3,CC(C)(C)P(C(C)(C)C)C(C)(C)C,Me-Norbornyl,[Pd][C@@H]1[C@H]2CC[C@H](C2)[C@@H]1C,1.14725234,NHPh,[Pd]NC1=CC=CC=C1,C-N,-1.6309,40,26000,2,10.1021/jacs.8b00928,N/A,,,,,,,41.48413477,38.60655263,-0.251493,-1542.656268,-1542.427693,6.219845755,-0.256398,-1542.68558,-1542.505846,4.890813768
7,3,PtBu3,CC(C)(C)P(C(C)(C)C)C(C)(C)C,Me-Norbornyl,[Pd][C@@H]1[C@H]2CC[C@H](C2)[C@@H]1C,1.14725234,NHpAnis,[Pd]NC1=CC=C(OC)C=C1,C-N,-1.4285,40,120000,2,10.1021/jacs.8b00928,N/A,,,,,,,43.21751448,40.38857962,-0.225196,-1657.195416,-1656.992225,5.529111577,-0.236862,-1657.228956,-1657.068308,4.371456987
8,3,PtBu3,CC(C)(C)P(C(C)(C)C)C(C)(C)C,Me-Norbornyl,[Pd][C@@H]1[C@H]2CC[C@H](C2)[C@@H]1C,1.14725234,NHpTol,[Pd]NC1=CC=C(C)C=C1,C-N,-1.569,40,54000,2,10.1021/jacs.8b00928,N/A,,,,,,,41.08904756,38.22937906,-0.247727,-1581.977163,-1581.752574,6.111381115,-0.252097,-1582.006704,-1581.830154,4.80417267
9,3,PtBu3,CC(C)(C)P(C(C)(C)C)C(C)(C)C,Me-Norbornyl,[Pd][C@@H]1[C@H]2CC[C@H](C2)[C@@H]1C,1.14725234,NH(4-F-C6H4),[Pd]NC1=CC=C(F)C=C1,C-N,-1.6502,40,26000,2,10.1021/jacs.8b00928,N/A,,,,,,,41.7138333,38.84321075,-0.252523,-1641.91401,-1641.683853,6.26289419,-0.255498,-1641.94285,-1641.763114,4.89086819
10,3,PtBu3,CC(C)(C)P(C(C)(C)C)C(C)(C)C,Me-Norbornyl,[Pd][C@@H]1[C@H]2CC[C@H](C2)[C@@H]1C,1.14725234,NHmTol,[Pd]NC1=CC=CC(C)=C1,C-N,-1.6605,40,31000,2,10.1021/jacs.8b00928,N/A,,,,,,,41.3142818,38.44041868,-0.250289,-1581.978651,-1581.751859,6.171327829,-0.255473,-1582.008454,-1581.829529,4.868799745
11,3,PtBu3,CC(C)(C)P(C(C)(C)C)C(C)(C)C,Me-Norbornyl,[Pd][C@@H]1[C@H]2CC[C@H](C2)[C@@H]1C,1.14725234,NHmAnis,[Pd]NC1=CC=CC(OC)=C1,C-N,-1.7702,40,23000,2,10.1021/jacs.8b00928,N/A,,,,,,,41.35501259,38.49585654,-0.250734,-1657.197934,-1656.970171,6.197750098,-0.256025,-1657.227736,-1657.047569,4.902596304
12,3,PtBu3,CC(C)(C)P(C(C)(C)C)C(C)(C)C,Me-Norbornyl,[Pd][C@@H]1[C@H]2CC[C@H](C2)[C@@H]1C,1.14725234,NH(3-F-C6H4),[Pd]NC1=CC=CC(F)=C1,C-N,-1.9202,40,5500,2,10.1021/jacs.8b00928,N/A,,,,,,,41.86684175,38.99826414,-0.241484,-1641.923062,-1641.703889,5.964004172,-0.252301,-1641.955588,-1641.782491,4.710211706
13,3,PtBu3,CC(C)(C)P(C(C)(C)C)C(C)(C)C,Me-Norbornyl,[Pd][C@@H]1[C@H]2CC[C@H](C2)[C@@H]1C,1.14725234,NH(2-tBu-C6H4),CC(C)(C)C1=C(N[Pd])C=CC=C1,C-N,-1.9184,65,25000,2,10.1021/jacs.8b00928,N/A,,,,,,,39.59209844,36.72545063,-0.2532,-1699.925308,-1699.697348,6.203110744,-0.255849,-1699.954579,-1699.774781,4.892555297
14,3,PtBu3,CC(C)(C)P(C(C)(C)C)C(C)(C)C,Me-Norbornyl,[Pd][C@@H]1[C@H]2CC[C@H](C2)[C@@H]1C,1.14725234,NH(2-OMe-4-F-C6H3),FC1=CC=C(N[Pd])C(OC)=C1,C-N,-1.5484,40,27000,2,10.1021/jacs.8b00928,N/A,,,,,,,41.51331056,38.59388111,-0.231724,-1756.457709,-1756.248683,5.687890096,-0.241213,-1756.489088,-1756.324973,4.465798911
15,3,PtBu3,CC(C)(C)P(C(C)(C)C)C(C)(C)C,Me-Norbornyl,[Pd][C@@H]1[C@H]2CC[C@H](C2)[C@@H]1C,1.14725234,NH(2-OMe-4-F-C6H3),FC1=CC=C(N[Pd])C(OC)=C1,C-N,-1.5484,65,30000000,2,10.1021/jacs.8b00928,N/A,same complex as 14 (just different temperatures),,,,,,,,,,,0,,,,0
16,4,tBu2P(oAnis),CC(P(C(C)(C)C)C1=CC=CC=C1OC)(C)C,Me-Norbornyl,[Pd][C@@H]1[C@H]2CC[C@H](C2)[C@@H]1C,1.14725234,NH(2-OMe-4-F-C6H3),FC1=CC=C(N[Pd])C(OC)=C1,C-N,-1.5484,65,270000,3,10.1021/jacs.8b00928,NICNOF,,,,,,,39.20821101,36.99845672,-0.2343,-1944.787542,-1944.576182,5.751401504,-0.242883,-1944.823204,-1944.656461,4.53731047
17,4,Ad2P(oAnis),COC1=CC=CC=C1P(C23CC4CC(C3)CC(C4)C2)C56CC7CC(C6)CC(C7)C5,Me-Norbornyl,[Pd][C@@H]1[C@H]2CC[C@H](C2)[C@@H]1C,1.14725234,NH(2-OMe-4-F-C6H3),FC1=CC=C(N[Pd])C(OC)=C1,C-N,-1.5484,65,290000,3,10.1021/jacs.8b00928,NICNUL,,,,,,,44.05037175,41.68450327,-0.229757,-2409.422944,-2409.217171,5.599371412,-0.238676,-2409.464096,-2409.302084,4.408573337
18,4,tBu2P(2-OMe-5-F-C6H3),CC(P(C(C)(C)C)C1=CC(F)=CC=C1OC)(C)C,Me-Norbornyl,[Pd][C@@H]1[C@H]2CC[C@H](C2)[C@@H]1C,1.14725234,NH(2-OMe-4-F-C6H3),FC1=CC=C(N[Pd])C(OC)=C1,C-N,-1.5484,65,2500000,3,10.1021/jacs.8b00928,N/A,,,,,,,39.15791749,36.94583342,-0.237612,-2044.044518,-2043.829701,5.845471314,-0.244696,-2044.079787,-2043.911063,4.591216254
19,4,tBu2P(2-OMe-5-CF3-C6H3),CC(P(C(C)(C)C)C1=CC(C(F)(F)F)=CC=C1OC)(C)C,Me-Norbornyl,[Pd][C@@H]1[C@H]2CC[C@H](C2)[C@@H]1C,1.14725234,NH(2-OMe-4-F-C6H3),FC1=CC=C(N[Pd])C(OC)=C1,C-N,-1.5484,65,1400000,3,10.1021/jacs.8b00928,N/A,,,,,,,39.46967902,37.39518352,-0.2393,-2281.906419,-2281.690062,5.88737687,-0.244598,-2281.942132,-2281.773634,4.585066477
20,4,Ad2P(EtOMe),COCCP(C12CC3CC(C2)CC(C3)C1)C45CC6CC(C5)CC(C6)C4,Me-Norbornyl,[Pd][C@@H]1[C@H]2CC[C@H](C2)[C@@H]1C,1.14725234,NH(2-OMe-4-F-C6H3),FC1=CC=C(N[Pd])C(OC)=C1,C-N,-1.5484,65,1800000,3,10.1021/jacs.8b00928,NICPAT,,,,,,,38.12248219,36.06769364,-0.236761,-2256.964258,-2256.751485,5.789856351,-0.242848,-2257.003127,-2256.836072,4.545787458
21,3,PtBu3,CC(C)(C)P(C(C)(C)C)C(C)(C)C,pAnis,[Pd]C1=CC=C(OC)C=C1,1.548378243,"N(3,5-CF3-C6H3)2",[Pd]N(C1=CC(C(F)(F)F)=CC(C(F)(F)F)=C1)C2=CC(C(F)(F)F)=CC(C(F)(F)F)=C2,C-N,-3.7212,75,2140,5,10.1021/ja0315107,BEVCAH,,,,"""-3.00cm-1""",,,41.08904756,40.75749364,-0.272109,-3155.689019,-3155.443726,6.67476594,-0.267927,-3155.724373,-3155.532428,5.223092173
22,3,PtBu3,CC(C)(C)P(C(C)(C)C)C(C)(C)C,2-thienyl,[Pd]C1=CC=CS1,1.869865892,"N(3,5-CF3-C6H3)2",[Pd]N(C1=CC(C(F)(F)F)=CC(C(F)(F)F)=C1)C2=CC(C(F)(F)F)=CC(C(F)(F)F)=C2,C-N,-3.7212,60,1690,5,10.1021/ja0315107,BEVCOV,,,,,,,44.53689952,41.44880312,-0.274555,-3361.921666,-3361.673497,6.753008566,-0.269386,-3361.956586,-3361.762852,5.271779724
23,3,PtBu3,CC(C)(C)P(C(C)(C)C)C(C)(C)C,pAnis,[Pd]C1=CC=C(OC)C=C1,1.548378243,N(pTol)2,[Pd]N(C1=CC=C(C)C=C1)C2=CC=C(C)C=C2,C-N,-2.2307,-10,58900,5,10.1021/ja0315107,N/A,,,,,,,42.94891038,39.88903572,-0.231762,-1885.848751,-1885.642587,5.61001107,-0.243186,-1885.89217,-1885.723631,4.586182145
24,3,RuPhos,CC(C)OC(C=CC=C1OC(C)C)=C1C2=CC=CC=C2P(C3CCCCC3)C4CCCCC4,4-CF3-C6H4,[Pd]C1=CC=C(C(F)(F)F)C=C1,1.896644103,NPh2,[Pd]N(C1=CC=CC=C1)C2=CC=CC=C2,C-N,-2.3369,40,0.00078,0,10.1021/jacs.6b05990,N/A,,,,,,,47.36519347,44.70115404,-0.23449,-2875.916606,-2875.708377,5.666202611,-0.248266,-2875.974668,-2875.802631,4.681367622
25,3,RuPhos,CC(C)OC(C=CC=C1OC(C)C)=C1C2=CC=CC=C2P(C3CCCCC3)C4CCCCC4,mAnis,[Pd]C1=CC(OC)=CC=C1,1.578220136,NPh2,[Pd]N(C1=CC=CC=C1)C2=CC=CC=C2,C-N,-2.3369,40,0.000083,0,10.1021/jacs.6b05990,EWEGIY,,,,,,,54.89097278,53.1960782,-0.228655,-2653.364021,-2653.162706,5.478062991,-0.24057,-2653.419782,-2653.253903,4.513799821
26,3,RuPhos,CC(C)OC(C=CC=C1OC(C)C)=C1C2=CC=CC=C2P(C3CCCCC3)C4CCCCC4,Ph,[Pd]C1=CC=CC=C1,1.676286111,NPh2,[Pd]N(C1=CC=CC=C1)C2=CC=CC=C2,C-N,-2.3369,40,0.000115,0,10.1021/jacs.6b05990,N/A,,,,,,,47.31528934,44.67612073,-0.229584,-2538.795817,-2538.592464,5.533528337,-0.247245,-2538.855564,-2538.684688,4.649768946
27,3,RuPhos,CC(C)OC(C=CC=C1OC(C)C)=C1C2=CC=CC=C2P(C3CCCCC3)C4CCCCC4,pTol,CC1=CC=C([Pd])C=C1,1.601372547,NPh2,[Pd]N(C1=CC=CC=C1)C2=CC=CC=C2,C-N,-2.3369,40,5.17E-05,0,10.1021/jacs.6b05990,N/A,,,,,,,46.47954817,44.63877943,-0.234884,-2578.118262,-2577.90976,5.673631323,-0.250103,-2578.1737,-2577.998782,4.759763665
28,3,RuPhos,CC(C)OC(C=CC=C1OC(C)C)=C1C2=CC=CC=C2P(C3CCCCC3)C4CCCCC4,pAnis,[Pd]C1=CC=C(OC)C=C1,1.548378243,NPh2,[Pd]N(C1=CC=CC=C1)C2=CC=CC=C2,C-N,-2.3369,40,0.000015,0,10.1021/jacs.6b05990,N/A,,,,,,,47.375558,44.72256719,-0.227746,-2653.333718,-2653.132377,5.478782777,-0.246022,-2653.394881,-2653.225187,4.61760177
29,3,RuPhos,CC(C)OC(C=CC=C1OC(C)C)=C1C2=CC=CC=C2P(C3CCCCC3)C4CCCCC4,Ph,[Pd]C1=CC=CC=C1,1.676286111,NPh(pAnil),[Pd]N(C1=CC=CC=C1)C2=CC=C(N(C)C)C=C2,C-N,-2.0669,40,0.001466667,0,10.1021/jacs.6b05990,N/A,,,,,,,47.48453498,44.83052226,-0.222143,-2594.160282,-2593.963472,5.355461196,-0.239662,-2594.224286,-2594.058065,4.523112505
30,3,RuPhos,CC(C)OC(C=CC=C1OC(C)C)=C1C2=CC=CC=C2P(C3CCCCC3)C4CCCCC4,Ph,[Pd]C1=CC=CC=C1,1.676286111,NPh(pAnis),[Pd]N(C1=CC=CC=C1)C2=CC=C(OC)C=C2,C-N,-2.1948,40,6.33E-04,0,10.1021/jacs.6b05990,N/A,,,,,,,56.64904828,54.91639908,-0.232499,-2653.338227,-2653.134716,5.537819225,-0.249428,-2653.395702,-2653.224793,4.650673163
31,3,RuPhos,CC(C)OC(C=CC=C1OC(C)C)=C1C2=CC=CC=C2P(C3CCCCC3)C4CCCCC4,Ph,[Pd]C1=CC=CC=C1,1.676286111,NPh(pTol),[Pd]N(C1=CC=CC=C1)C2=CC=C(C)C=C2,C-N,-2.283,40,2.83E-04,0,10.1021/jacs.6b05990,N/A,,,,,,,47.30801074,44.66396759,-0.227279,-2578.116335,-2577.915454,5.466248729,-0.244846,-2578.1768,-2578.007698,4.601493052
32,3,RuPhos,CC(C)OC(C=CC=C1OC(C)C)=C1C2=CC=CC=C2P(C3CCCCC3)C4CCCCC4,Ph,[Pd]C1=CC=CC=C1,1.676286111,NPh(mAnis),[Pd]N(C1=CC=CC=C1)C2=CC(OC)=CC=C2,C-N,-2.4065,40,8.17E-04,0,10.1021/jacs.6b05990,N/A,,,,,,,56.31287009,54.5549976,-0.233045,-2653.342561,-2653.137887,5.569471173,-0.250065,-2653.399528,-2653.227896,4.670360439
33,4,dppf,[][Fe][].c1(P(C2=CC=CC=C2)C3=CC=CC=C3)cccc1.c4(P(C5=CC=CC=C5)C6=CC=CC=C6)cccc4,4-CF3-C6H4,[Pd]C1=CC=C(C(F)(F)F)C=C1,1.896644103,NMe(pTol),[Pd]N(C)C1=CC=C(C)C=C1,C-N,.,-15,128000,4.4,10.1021/ja037425g,N/A,,trying r2scan-3c quickopt,,,,,,,,-4321.524928,-4321.332534,5.235308511,,,,0
34,4,dppf,[][Fe][].c1(P(C2=CC=CC=C2)C3=CC=CC=C3)cccc1.c4(P(C5=CC=CC=C5)C6=CC=CC=C6)cccc4,4-CF3-C6H4,[Pd]C1=CC=C(C(F)(F)F)C=C1,1.896644103,NMe(Ph),[Pd]N(C)C1=CC=CC=C1,C-N,.,-15,29400,4.4,10.1021/ja037425g,N/A,,,,,,,,,,,,0,,,,0
35,4,dppf,[][Fe][].c1(P(C2=CC=CC=C2)C3=CC=CC=C3)cccc1.c4(P(C5=CC=CC=C5)C6=CC=CC=C6)cccc4,4-CF3-C6H4,[Pd]C1=CC=C(C(F)(F)F)C=C1,1.896644103,NMe(pAnis),[Pd]N(C)C1=CC=C(OC)C=C1,C-N,.,-15,377000,4.4,10.1021/ja037425g,N/A,,,,,,,,,,,,0,,,,0
36,4,(4-OMe)dppf,[][Fe][].COC(C=C1)=CC=C1P(C2=CC=C(OC)C=C2)c3cccc3.COC(C=C4)=CC=C4P(C5=CC=C(OC)C=C5)c6cccc6,4-CF3-C6H4,[Pd]C1=CC=C(C(F)(F)F)C=C1,1.896644103,NMe(pTol),[Pd]N(C)C1=CC=C(C)C=C1,C-N,.,-15,41600,4.4,10.1021/ja037425g,N/A,,,,,,,,,,,,0,,,,0
37,4,(4-CF3)dppf,[][Fe][].FC(C(C=C1)=CC=C1P(C2=CC=C(C(F)(F)F)C=C2)c3cccc3)(F)F.FC(C(C=C4)=CC=C4P(C5=CC=C(C(F)(F)F)C=C5)c6cccc6)(F)F,4-CF3-C6H4,[Pd]C1=CC=C(C(F)(F)F)C=C1,1.896644103,NMe(pTol),[Pd]N(C)C1=CC=C(C)C=C1,C-N,.,-15,270000,4.4,10.1021/ja037425g,N/A,,,,,,,,,,,,0,,,,0
38,4,(4-OMe)(Ph)dppf_stable_isomer,[][Fe][].COC(C=C1)=CC=C1P(C2=CC=C(OC)C=C2)c3cccc3.c4(P(C5=CC=CC=C5)C6=CC=CC=C6)cccc4,4-CF3-C6H4,[Pd]C1=CC=C(C(F)(F)F)C=C1,1.896644103,NMe(pTol),[Pd]N(C)C1=CC=C(C)C=C1,C-N,.,-15,71300,4.4,10.1021/ja037425g,N/A,,,,,,,,,,,,0,,,,0
39,4,(4-OMe)(Ph)dppf_unstable_isomer,[][Fe][].COC(C=C1)=CC=C1P(C2=CC=C(OC)C=C2)c3cccc3.c4(P(C5=CC=CC=C5)C6=CC=CC=C6)cccc4,4-CF3-C6H4,[Pd]C1=CC=C(C(F)(F)F)C=C1,1.896644103,NMe(pTol),[Pd]N(C)C1=CC=C(C)C=C1,C-N,.,-15,73400,4.4,10.1021/ja037425g,N/A,,,,,,,,,,,,0,,,,0
40,4,(4-CF3)(Ph)dppf_stable_isomer,[][Fe][].FC(C(C=C1)=CC=C1P(C2=CC=C(C(F)(F)F)C=C2)c3cccc3)(F)F.c4(P(C5=CC=CC=C5)C6=CC=CC=C6)cccc4,4-CF3-C6H4,[Pd]C1=CC=C(C(F)(F)F)C=C1,1.896644103,NMe(pTol),[Pd]N(C)C1=CC=C(C)C=C1,C-N,.,-15,90200,4.4,10.1021/ja037425g,N/A,,,,,,,,,,,,0,,,,0
41,4,(4-CF3)(Ph)dppf_unstable_isomer,[][Fe][].FC(C(C=C1)=CC=C1P(C2=CC=C(C(F)(F)F)C=C2)c3cccc3)(F)F.c4(P(C5=CC=CC=C5)C6=CC=CC=C6)cccc4,4-CF3-C6H4,[Pd]C1=CC=C(C(F)(F)F)C=C1,1.896644103,NMe(pTol),[Pd]N(C)C1=CC=C(C)C=C1,C-N,.,-15,459000,4.4,10.1021/ja037425g,N/A,,,,,,,,,,,,0,,,,0
42,4,(4-CF3)(4-OMe)dppf_stable_isomer,[][Fe][].COC(C=C1)=CC=C1P(C2=CC=C(OC)C=C2)c3cccc3.FC(C(C=C4)=CC=C4P(C5=CC=C(C(F)(F)F)C=C5)c6cccc6)(F)F,4-CF3-C6H4,[Pd]C1=CC=C(C(F)(F)F)C=C1,1.896644103,NMe(pTol),[Pd]N(C)C1=CC=C(C)C=C1,C-N,.,-15,51400,4.4,10.1021/ja037425g,N/A,,,,,,,,,,,,0,,,,0
43,4,(4-CF3)(4-OMe)dppf_unstable_isomer,[][Fe][].COC(C=C1)=CC=C1P(C2=CC=C(OC)C=C2)c3cccc3.FC(C(C=C4)=CC=C4P(C5=CC=C(C(F)(F)F)C=C5)c6cccc6)(F)F,4-CF3-C6H4,[Pd]C1=CC=C(C(F)(F)F)C=C1,1.896644103,NMe(pTol),[Pd]N(C)C1=CC=C(C)C=C1,C-N,.,-15,250000,4.4,10.1021/ja037425g,N/A,,,,,,,,,,,,0,,,,0
44,4,CytBuJosiphos,[][Fe][].Cc(P(C(C)(C)C)C(C)(C)C)c1cccc1P(C2CCCCC2)C3CCCCC3.c4cccc4,pAnis,[Pd]C1=CC=C(OC)C=C1,1.548378243,NH2,N[Pd],C-N,.,25,0.0000076,2,10.1021/ja1023404,N/A,,,,,,,,,,,,0,,,,0
45,4,CytBuJosiphos,[][Fe][].Cc(P(C(C)(C)C)C(C)(C)C)c1cccc1P(C2CCCCC2)C3CCCCC3.c4cccc4,pTol,CC1=CC=C([Pd])C=C1,1.601372547,NH2,N[Pd],C-N,.,25,0.00004,2,10.1021/ja1023404,N/A,,,,,,,,,,,,0,,,,0
46,4,CytBuJosiphos,[][Fe][].Cc(P(C(C)(C)C)C(C)(C)C)c1cccc1P(C2CCCCC2)C3CCCCC3.c4cccc4,oAnis,[Pd]C1=C(OC)C=CC=C1,.,NH2,N[Pd],C-N,.,25,0.000042,2,10.1021/ja1023404,N/A,,,,,,,,,,,,0,,,,0
47,4,CytBuJosiphos,[][Fe][].Cc(P(C(C)(C)C)C(C)(C)C)c1cccc1P(C2CCCCC2)C3CCCCC3.c4cccc4,oTol,[Pd]C1=C(C)C=CC=C1,.,NH2,N[Pd],C-N,.,25,0.0003,2,10.1021/ja1023404,N/A,,,,,,,,,,,,0,,,,0
48,4,CytBuJosiphos,[][Fe][].Cc(P(C(C)(C)C)C(C)(C)C)c1cccc1P(C2CCCCC2)C3CCCCC3.c4cccc4,pAnis,[Pd]C1=CC=C(OC)C=C1,1.548378243,NHpTol,[Pd]NC1=CC=C(C)C=C1,C-N,-1.569,25,0.00087,2,10.1021/ja1023404,N/A,,,,,,,,,,,,0,,,,0
49,4,CytBuJosiphos,[][Fe][].Cc(P(C(C)(C)C)C(C)(C)C)c1cccc1P(C2CCCCC2)C3CCCCC3.c4cccc4,pTol,CC1=CC=C([Pd])C=C1,1.601372547,NHpAnis,[Pd]NC1=CC=C(OC)C=C1,C-N,-1.4285,25,0.007,2,10.1021/ja1023404,N/A,,,,,,,,,,,,0,,,,0
50,3,Qphos,[][Fe][].CC(C)(C)P(C(C)(C)C)c1cccc1.c2(C3=CC=CC=C3)c(C4=CC=CC=C4)c(C5=CC=CC=C5)c(C6=CC=CC=C6)c2C7=CC=CC=C7,pAnis,[Pd]C1=CC=C(OC)C=C1,1.548378243,"N(3,5-CF3-C6H3)2",[Pd]N(C1=CC(C(F)(F)F)=CC(C(F)(F)F)=C1)C2=CC(C(F)(F)F)=CC(C(F)(F)F)=C2,C-N,-3.7212,75,1010,5,10.1021/ja0315107,BEVCEL,,,,,,,,,,,,0,,,,0
51,3,FcPtBu2,[][Fe][].CC(C)(C)P(C(C)(C)C)c1cccc1.c2cccc2,pAnis,[Pd]C1=CC=C(OC)C=C1,1.548378243,"N(3,5-CF3-C6H3)2",[Pd]N(C1=CC(C(F)(F)F)=CC(C(F)(F)F)=C1)C2=CC(C(F)(F)F)=CC(C(F)(F)F)=C2,C-N,-3.7212,75,730,5,10.1021/ja0315107,BEVCIP,,,,,,,,,,,,0,,,,0
52,3,SIPr,,Me-Norbornyl,[Pd][C@@H]1[C@H]2CC[C@H](C2)[C@@H]1C,1.14725234,NH(pTol),[Pd]NC1=CC=C(C)C=C1,C-N,-1.569,90,0.0011,1,10.1021/ja307558x,N/A,,,,,,,50.43422619,48.92143673,-0.225202,-1928.405442,-1928.204863,5.458047514,-0.242001,-1928.455721,-1928.29203,4.454258794
53,3,SIPr,,Me-Norbornyl,[Pd][C@@H]1[C@H]2CC[C@H](C2)[C@@H]1C,1.14725234,NH(pAnis),[Pd]N(C1=CC=CC=C1)C2=CC=C(OC)C=C2,C-N,-1.4285,90,0.0018,1,10.1021/ja307558x,,,,,,,,48.69619008,46.92810803,-0.218325,-2003.59622,-2003.403356,5.248106639,-0.231032,-2003.645708,-2003.491054,4.20837
54,3,SIPr,,Me-Norbornyl,[Pd][C@@H]1[C@H]2CC[C@H](C2)[C@@H]1C,1.14725234,NH(3-CF3-Ph),,C-N,-2.1704,90,0.00012,1,10.1021/ja307558x,,,,,,,,50.3003525,48.43460251,-0.240637,-2226.192636,-2225.978762,5.819811192,-0.249977,-2226.239338,-2226.068594,4.64618769
55,3,SIPr,,Me-Norbornyl,[Pd][C@@H]1[C@H]2CC[C@H](C2)[C@@H]1C,1.14725234,NH(oTol),,C-N,-1.67,90,0.00024,1,10.1021/ja307558x,,,,,"""4.07cm-1""",,,50.56190773,48.8757643,-0.242754,-1928.406165,-1928.188134,5.932928123,-0.253139,-1928.452389,-1928.275355,4.817349506
56,3,SIPr,,Me-Norbornyl,[Pd][C@@H]1[C@H]2CC[C@H](C2)[C@@H]1C,1.14725234,"NH(2,6-Me-Ph)",,C-N,-1.7035,90,0.00072,1,10.1021/ja307558x,,,,,,,,48.68072319,46.56172208,-0.230778,-1967.705064,-1967.501193,5.547593241,-0.244449,-1967.7546,-1967.588571,4.517879426
57,3,SIPr,,Me-Norbornyl,[Pd][C@@H]1[C@H]2CC[C@H](C2)[C@@H]1C,1.14725234,"NH(2,4-Me-Ph)",,C-N,-1.6048,90,0.00048,1,10.1021/ja307558x,,,,,,,,50.26753148,48.18168444,-0.225315,-1967.707806,-1967.50931,5.401363307,-0.238267,-1967.757661,-1967.596899,4.37456511
58,3,PtBu3,,C6F5,,,C6F5,,C-C,,0,0.00156,,10.1002/ange.201607089,,,,,,,,44.82196353,41.99895446,-0.319247,-2398.772231,-2398.469741,8.231180629,-0.313092,-2398.795865,-2398.550928,6.665077665
59,4,o-TolPEWO-F,,C6F5,,,C6F5,,C-C,,0,0.000297,,10.1002/ange.201607089,,,,,,,,,,,,,0,,,,0
60,3,tBuXPhos,,C6F5,,,C6F5,,C-C,,0,0.000206,,10.1002/ange.201607089,,,,,,,,,,,,,0,,,,0
61,4,PhPEWO-F,,C6F5,,,C6F5,,C-C,,25,0.0028,,10.1002/ange.201607089,,,,,,,,,,,,,0,,,,0
62,3,tBuBrettPhos,,C6F5,,,C6F5,,C-C,,25,0.000518,,10.1002/ange.201607089,,,,,,,,,,,,,0,,,,0
63,4,Xantphos,,C6F5,,,C6F5,,C-C,,25,0.000113,,10.1002/ange.201607089,,,,,,,,,,,,,0,,,,0
64,4,PhPEWO-H,,C6F5,,,C6F5,,C-C,,25,0.0000577,,10.1002/ange.201607089,,,,,,,,,,,,,0,,,,0
65,4,dppe,,CH3,,,CH3,,C-C,,80,0.00000478,,10.1021/ja00535a018,,,,,,,,51.17525788,49.74448307,-0.275354,-1895.834058,-1895.585894,6.752901816,-0.292466,-1895.87718,-1895.670472,5.624810898
66,4,dppe,,Ph,,1.676286111,StBu,,C-S,-1.8864,50,0.0024,,10.1021/ja981428p,,,,,,,,51.14729469,49.68521787,-0.252047,-2603.789276,-2603.566272,6.068250274,-0.265332,-2603.843756,-2603.656577,5.093388684
67,4,dppe,,p-Cl-C6H4,,1.753658785,StBu,,C-S,-1.8864,50,0.0011,,10.1021/ja981428p,,,,,,,,51.39392363,49.87777392,-0.254999,-3063.405516,-3063.179868,6.140201485,-0.265408,-3063.460451,-3063.273104,5.097976083
68,4,dppe,,p-Tol,,1.601372547,StBu,,C-S,-1.8864,50,0.0012,,10.1021/ja981428p,,,,,,,,51.18259509,49.72155583,-0.250906,-2643.110319,-2642.888873,6.025855308,-0.263879,-2643.164391,-2642.978534,5.057432635
69,4,dppe,,p-NH2-C6H4,,1.434285097,StBu,,C-S,-1.8864,50,0.00036,,10.1021/ja981428p,,,,,,,,51.25033866,49.77433993,-0.2488,-2659.154804,-2658.935274,5.97369893,-0.263235,-2659.212662,-2659.027447,5.039946683
70,4,dppe,,m-NH2-C6H4,,1.486348353,StBu,,C-S,-1.8864,50,0.0025,,10.1021/ja981428p,,,,,,,,51.29509548,49.79175717,-0.249302,-2659.157264,-2658.936915,5.996005371,-0.263406,-2659.215452,-2659.029777,5.052470813
71,4,dppe,,p-CF3-C6H4,,1.896644103,StBu,,C-S,-1.8864,50,0.014,,10.1021/ja981428p,,,,,,,,51.68745049,50.19707891,-0.258119,-2940.911727,-2940.683,6.223985334,-0.267018,-2940.964209,-2940.775482,5.135538335
72,4,dppe,,m-Me-C6H4,,1.629092736,StBu,,C-S,-1.8864,50,0.0024,,10.1021/ja981428p,,,,,,,,51.29198904,49.78880028,-0.248532,-2643.111136,-2642.891765,5.96938776,-0.262449,-2643.164345,-2642.979291,5.035579633
73,4,dppe,,p-OMe-C6H4,,1.548378243,StBu,,C-S,-1.8864,50,0.00033,,10.1021/ja981428p,,,,,,,,51.40345013,49.9063012,-0.251162,-2718.327366,-2718.105589,6.034856123,-0.264798,-2718.382688,-2718.196143,5.076146947
74,4,dppe,,m-OMe-C6H4,,1.578220136,StBu,,C-S,-1.8864,50,0.0024,,10.1021/ja981428p,,,,,,,,51.40234614,49.92187627,-0.249217,-2718.328953,-2718.108957,5.986413351,-0.263574,-2718.385099,-2718.199417,5.052674138
75,4,dppe,,Ph,,1.676286111,"S-3,4-Me-C6H3",,C-S,-2.2275,50,0.0018,,10.1021/ja981428p,,,,,,,,50.21930432,48.91082257,-0.239984,-2756.228582,-2756.01305,5.864946044,-0.256832,-2756.291845,-2756.107718,5.010352797
76,4,dppe,,"3,4-Me-C6H3",,1.561440716,StBu,,C-S,-1.8864,50,0.00212,,10.1021/ja981428p,,,,,,,,51.38584318,49.88388304,-0.250593,-2682.429491,-2682.208283,6.019398201,-0.262892,-2682.484275,-2682.298929,5.043541763
77,4,dppe,,4-nBu-C6H4,,1.606612558,S-p-Cl-C6H4,,C-S,-2.555,70,0.0013,,10.1021/ja981428p,,,,,"""-4.31cm-1""",,,50.30120946,49.01085695,-0.249947,-3294.47533,-3294.250094,6.128984304,-0.262872,-3294.539382,-3294.348705,5.188582173
78,4,dppe,,4-nBu-C6H4,,1.606612558,SPh,,C-S,-2.2785,70,0.0043,,10.1021/ja981428p,,,,,,,,50.20365162,48.91152713,-0.244735,-2834.858825,-2834.638906,5.984324048,-0.260752,-2834.923737,-2834.736368,5.098582308
79,4,dppe,,4-nBu-C6H4,,1.606612558,S-p-Tol,,C-S,-2.2205,70,0.0066,,10.1021/ja981428p,,,,,,,,50.26188062,48.97584639,-0.243702,-2874.179671,-2873.960951,5.951692003,-0.25944,-2874.24505,-2874.058505,5.076135359
80,4,dppe,,4-nBu-C6H4,,1.606612558,S-p-OMe-C6H4,,C-S,-2.1246,70,0.0075,,10.1021/ja981428p,,,,,,,,50.14601972,48.85453864,-0.25427,-2949.401061,-2949.169621,6.29781054,-0.268559,-2949.46567,-2949.265581,5.444708609
81,4,dppe,,CH3,,1.726077147,StBu,,C-S,-1.8864,95,0.000192,,10.1021/ja981428p,,,,,,,,51.4711156,49.97130457,-0.241326,-2412.035196,-2411.819427,5.871401908,-0.256326,-2412.084183,-2411.904618,4.88622381
82,4,dppp,,CH3,,1.726077147,StBu,,C-S,-1.8864,95,0.000381,,10.1021/ja981428p,,,,,,,,53.71258646,51.84668762,-0.242249,-2451.353977,-2451.138285,5.869294357,-0.256164,-2451.402056,-2451.223209,4.866670944
83,4,dppBz,,CH3,,1.726077147,StBu,,C-S,-1.8864,95,0.000214,,10.1021/ja981428p,,,,,"""-11.67cm-1""",,,49.75709281,48.40167732,-0.242438,-2564.462611,-2564.24637,5.884217736,-0.260062,-2564.512367,-2564.329992,4.962662681
84,4,transphos,,CH3,,1.726077147,StBu,,C-S,-1.8864,95,0.000964,,10.1021/ja981428p,,,,,,,,58.93742185,57.15310283,-0.244508,-3025.390303,-3025.176651,5.813767659,-0.254827,-3025.447005,-3025.269286,4.835982068
85,4,dppe,,p-Cl-C6H4,,1.753658785,SMe,,C-S,-1.3529,50,0.000597,,10.1021/ja981428p,,,,,,,,52.53993951,51.00999875,-0.26083,-2945.450676,-2945.215771,6.39209718,-0.275111,-2945.503683,-2945.308085,5.322486207
86,4,dppe,,CH=C(CH3)2,,1.299172268,StBu,,C-S,-1.8864,50,0.00682,,10.1021/ja981428p,,,,,,,,50.38994277,48.96096175,-0.255221,-2528.766118,-2528.539756,6.159651464,-0.269107,-2528.815275,-2528.625349,5.168152897
87,4,dppe,,C#CBu,,2.14084024,StBu,,C-S,-1.8864,95,0.00131,,10.1021/ja981428p,,,,,,,,52.81025197,51.04860713,-0.252492,-2606.167075,-2605.943954,6.071416047,-0.268885,-2606.223066,-2606.033298,5.163855669
88,4,dppe,,C#CPh,,2.220194907,StBu,,C-S,-1.8864,95,0.00769,,10.1021/ja981428p,,,,,,,,52.67256923,50.96757067,-0.254481,-2679.96049,-2679.735843,6.112966834,-0.269659,-2680.020945,-2679.830175,5.191121398
89,4,dppBz,,4-tBu-C6H4,,,CH2CN,,C-C,,110,0.0000862,,10.1021/om049726k,,,,,,,,,,,,,0,,,,0
90,4,dppBz,,p-Tol,,,CH(CH(CH3)2)CN,,C-C,,110,0.000148,,10.1021/om049726k,,,,,,,,,,,,,0,,,,0
91,4,dppBz,,p-Tol,,,CH(Ph)CN,,C-C,,110,0.0000638,,10.1021/om049726k,,,,,,,,,,,,,0,,,,0
92,4,dppBz,,p-Tol,,,C(CH3)2CN,,C-C,,110,0.000384,,10.1021/om049726k,,,,,,,,,,,,,0,,,,0
93,4,dppBz,,p-Tol,,,CH2CF3,,C-C,,110,0.000161,,10.1021/om049726k,,,,,,,,,,,,,0,,,,0
94,4,dppf,,4-CN-C6H4,,2.013737441,"O-3,5-tBu-C6H3",,C-O,-2.4768,105,0.001,,10.1021/om030230x,,,,,,,,55,53.6,-0.249828,-4332.469103,-4332.247987,6.016871508,-0.263556,-4332.540966,-4332.354807,5.065646509
95,4,4-CF3-dppf,,4-OBu-C6H4,,1.526434689,"O-3,5-tBu-C6H3",,C-O,-2.4768,105,0.002,,10.1021/om030230x,,,,,,,,55,53.7,-0.252806,-5821.17733,-5820.953814,6.08218477,-0.263051,-5821.248189,-5821.062479,5.053448452
96,4,tBu-dppf,,4-CN-C6H4,,2.013737441,"O-3,5-tBu-C6H3",,C-O,-2.4768,50,0.0028,,10.1021/om030230x,,,,,,,,60.7,57.6,-0.258817,-4037.255872,-4037.024406,6.298511823,-0.268136,-4037.307266,-4037.115517,5.217759472
97,4,TMEDA,,C6F5,,,Napthyl,,C-C,,120,0.918,,10.1039/d4dt01453g,,,,,,,,,,,,,0,,,,0
98,3,RuPhos,,Ph,,,Carbazolyl,,C-N,,100,0.00117,,10.1021/acs.joc.5b01005,,,,,,,,,,,,,0,,,,0
99,4,dppf,,Ph,,,CF2CO2Et,,C-C,,90,0.000542,,10.1021/jacs.7b09949,,,,,,,,,,,,,0,,,,0
100,4,dppf,,Ph,,,CHFCO2Et,,C-C,,50,0.00139,,10.1021/jacs.7b09950,,,,,,,,,,,,,0,,,,0
101,4,dppf,,Ph,,,CF2CO(morpholine),,C-C,,90,0.00273,,10.1021/jacs.7b09951,,,,,,,,,,,,,0,,,,0
102,4,dppf,,Ph,,,CF2CONMe2,,C-C,,90,0.00216,,10.1021/jacs.7b09952,,,,,,,,,,,,,0,,,,0
103,4,dppf,,Ph,,,CF2CONEt2,,C-C,,90,0.00384,,10.1021/jacs.7b09953,,,,,,,,,,,,,0,,,,0
104,4,dppf,,Ph,,,CF2CN,,C-C,,90,0.000137,,10.1021/jacs.7b09954,,,,,,,,,,,,,0,,,,0
105,4,dppf,,p-OMe-C6H4,,,CF2CO2Et,,C-C,,90,0.000518,,10.1021/jacs.7b09955,,,,,,,,,,,,,0,,,,0
106,4,dppf,,p-Cl-C6H4,,,CF2CO2Et,,C-C,,90,0.000143,,10.1021/jacs.7b09956,,,,,,,,,,,,,0,,,,0
107,3,BrettPhos,,p-OMe-C6H4,,,CF3,,C-C,,80,0.00479,,10.1126/science.1190524,,,,,,,,,,,,,0,,,,0
108,3,BrettPhos,,p-CO2Et-C6H4,,,CF3,,C-C,,80,0.00523,,10.1126/science.1190524,,,,,,,,,,,,,0,,,,0
109,4,SEGPHOS,,CF(indolinoyl),,,Ph,,C-C,,65,0.026,,10.1021/jacs.1c05346,,,,,,,,,,,,,0,,,,0
110,4,SEGPHOS,,CF(indolinoyl),,,4-CN-C6H4,,C-C,,65,0.0086,,10.1021/jacs.1c05346,,,,,,,,,,,,,0,,,,0
111,4,dppf,,p-OMe-C6H4,,,CF2H,,C-C,,47,0.000888,,10.1038/ncomms6405,,,,,,,,,,,,,0,,,,0
112,4,dppf,,4-tBu-C6H4,,,CF2H,,C-C,,47,0.000936,,10.1038/ncomms6405,,,,,,,,,,,,,0,,,,0
113,4,dppf,,Ph,,,CF2H,,C-C,,47,0.000719,,10.1038/ncomms6405,,,,,,,,,,,,,0,,,,0
114,4,dppf,,p-Cl-C6H4,,,CF2H,,C-C,,47,0.000334,,10.1038/ncomms6405,,,,,,,,,,,,,0,,,,0
115,4,dppf,,p-CF3-C6H4,,,CF2H,,C-C,,47,0.000238,,10.1038/ncomms6405,,,,,,,,,,,,,0,,,,0
116,4,ddpf,,4-F-C6H4,,,CH2-N-(4-tBu-C6H4)-pyrrolidinyl,,C-C,,24,0.0264,,10.1021/om200008t,,,,,,,,,,,,,0,,,,0
117,4,ddpf,,4-F-C6H4,,,CH2-N-(4-OMe-C6H4)-pyrrolidinyl,,C-C,,24,0.00218,,10.1021/om200008t,,,,,,,,,,,,,0,,,,0
118,4,ddpf,,4-F-C6H4,,,CH2-N-(Ph)-pyrrolidinyl,,C-C,,24,0.00188,,10.1021/om200008t,,,,,,,,,,,,,0,,,,0
119,4,ddpf,,4-F-C6H4,,,CH2-N-(4-F-C6H4)-pyrrolidinyl,,C-C,,24,0.00136,,10.1021/om200008t,,,,,,,,,,,,,0,,,,0
120,4,ddpf,,4-F-C6H4,,,CH2-N-(4-Cl-C6H4)-pyrrolidinyl,,C-C,,24,0.0009,,10.1021/om200008t,,,,,,,,,,,,,0,,,,0
121,4,ddpf,,4-F-C6H4,,,CH2-N-(4-CN-C6H4)-pyrrolidinyl,,C-C,,24,0.00042,,10.1021/om200008t,,,,,,,,,,,,,0,,,,0
122,4,ddpf,,4-tBu-C6H4,,,CH2-N-(4-F-C6H4)-pyrrolidinyl,,C-C,,24,0.00408,,10.1021/om200008t,,,,,,,,,,,,,0,,,,0
123,4,ddpf,,p-OMe-C6H4,,,CH2-N-(4-F-C6H4)-pyrrolidinyl,,C-C,,24,0.00264,,10.1021/om200008t,,,,,,,,,,,,,0,,,,0
124,4,ddpf,,Ph,,,CH2-N-(4-F-C6H4)-pyrrolidinyl,,C-C,,24,0.009,,10.1021/om200008t,,,,,,,,,,,,,0,,,,0
125,4,4-CF3-dppf,,Ph,,,CH2-N-(4-F-C6H4)-pyrrolidinyl,,C-C,,24,0.146,,10.1021/om200008t,,,,,,,,,,,,,0,,,,0
126,4,4-OMe-dppf,,Ph,,,CH2-N-(4-F-C6H4)-pyrrolidinyl,,C-C,,24,0.0059,,10.1021/om200008t,,,,,,,,,,,,,0,,,,0
127,4,ddpf,,4-F-C6H4,,,CH2(CH3)-N-(Ph)-pyrrolidinyl,,C-C,,24,0.0158,,10.1021/om200008t,,,,,,,,,,,,,0,,,,0
128,4,p-TolBINAP,,4-CN-C6H4,,2.013737441,OCH2tBu,,C-O,-1.9947,55,0.044,,10.1021/ja963324p,,,,,,,,53.74516858,51.89763631,-0.280424,-3260.442442,-3260.198336,6.642447895,-0.288214,-3260.50738,-3260.301441,5.603902998
129,4,dppf,,Ph,,,S-NBoc-OEt-Cys,,C-S,,25,0.0023,,10.1002/ejoc.200500227,,,,,,,,,,,,,0,,,,0
130,4,BINAP,,CH2Naphthyl,,,NHPh,,C-N,,60,0.01,,10.1021/ja067084h,,,,,,,,,,,,,0,,,,0
131,4,BINAP,,CH(CH3)Naphthyl,,,NHPh,,C-N,,60,0.0027,,10.1021/ja067084h,,,,,,,,,,,,,0,,,,0
132,4,BINAP,,CH2Ph,,,NHPh,,C-N,,60,0.00062,,10.1021/ja067084h,,,,,,,,,,,,,0,,,,0
133,4,BINAP,,CH2C=C(CH3)2,,,NHPh,,C-N,,60,0.0002,,10.1021/ja067084h,,,,,,,,,,,,,0,,,,0
134,4,BINAP,,allyl,,,NHPh,,C-N,,60,0.000052,,10.1021/ja067084h,,,,,,,,,,,,,0,,,,0
135,4,dppf,,2-n-octyl,,,Sac,,C-N,,70,2.17E-05,,10.1002/ejoc.202301207,,,,,,,,,,,,,0,,,,0
136,4,iPr-dppf,,2-n-octyl,,,Sac,,C-N,,70,0.0000075,,10.1002/ejoc.202301207,,,,,,,,,,,,,0,,,,0
137,4,AlcarazoPhos 1 (lol),,C6F5,,,C6F5,,C-C,,70,0.017,,10.1021/acs.organomet.7b00418,,,,,,,,,,,,,0,,,,0
138,4,AlcarazoPhos 2,,C6F5,,,C6F5,,C-C,,70,0.112,,10.1021/acs.organomet.7b00418,,,,,,,,,,,,,0,,,,0
139,3,PhDavePhos,,C6F5,,,C6F5,,C-C,,70,0.043,,10.1021/acs.organomet.7b00418,,,,,,,,,,,,,0,,,,0
140,3,SPhos,,C6F5,,,C6F5,,C-C,,70,0.0093,,10.1021/acs.organomet.7b00418,,,,,,,,,,,,,0,,,,0
141,4,di-Medppp,,CN,,,p-CF3-C6H4,,C-C,,25,0.0018,,10.1021/ja300827t,,,,,,,,,,,,,0,,,,0
142,4,di-Medppp,,CN,,,p-Cl-C6H4,,C-C,,25,0.00062,,10.1021/ja300827t,,,,,,,,,,,,,0,,,,0
143,4,di-Medppp,,CN,,,Ph,,C-C,,25,0.0025,,10.1021/ja300827t,,,,,,,,,,,,,0,,,,0
144,4,di-Medppp,,CN,,,p-OMe-C6H4,,C-C,,25,0.0074,,10.1021/ja300827t,,,,,,,,,,,,,0,,,,0
